SRM_SaaS_ES,MXASSETInterface,AddChange,ENANCESTOR,ASSETNUM,ASSETTAG,ASSETTYPE,AUTOWOGEN,BINNUM,BUDGETCOST,CALNUM,CHANGEBY,CHANGEDATE,CHANGEPMSTATUS,CHILDREN,CONDITIONCODE,AS_DESCRIPTION,AS_DESCRIPTION_LD,DIRECTION,DISABLED,ENDDESCRIPTION,ENDMEASURE,EQ1,EQ10,EQ11
1,cent45,9164,,0,,0,COMPANY1,MAXADMIN,2010-04-15T17:18:18-07:00,0,0,,Centrifugal Pump 300GPM/60FT HD,,,0,,North,,,,,,
2,cent45,9164,,0,,0,COMPANY1,MAXADMIN,2010-04-15T17:18:18-07:00,0,0,,Centrifugal Pump 300GPM/60FT HD,,,0,,South,,,,,,
3,cent45,9164,,0,,0,COMPANY1,MAXADMIN,2010-04-15T17:18:18-07:00,0,0,,Centrifugal Pump 300GPM/60FT HD,,,0,,East,,,,,,
4,cent45,9164,,0,,0,COMPANY1,MAXADMIN,2010-04-15T17:18:18-07:00,0,0,,Centrifugal Pump 300GPM/60FT HD,,,0,,West,,,,,,
5,cent45,9164,,0,,0,COMPANY1,MAXADMIN,2010-04-15T17:18:18-07:00,0,0,,Centrifugal Pump 300GPM/60FT HD,,,0,,North,,,,,,
6,cent45,9164,,0,,0,COMPANY1,MAXADMIN,2010-04-15T17:18:18-07:00,0,0,,Centrifugal Pump 300GPM/60FT HD,,,0,,South,,,,,,
7,cent45,9164,,0,,0,COMPANY1,MAXADMIN,2010-04-15T17:18:18-07:00,0,0,,Centrifugal Pump 300GPM/60FT HD,,,0,,East,,,,,,
8,cent45,9164,,0,,0,COMPANY1,MAXADMIN,2010-04-15T17:18:18-07:00,0,0,,Centrifugal Pump 300GPM/60FT HD,,,0,,West,,,,,,
